x,y,heading,kappa,v,d_left,d_right
31.84083,-21.91518,0.68629,0.08160,8.00000,0.51209,1.60941
32.44659,-21.38186,0.75520,0.07634,8.00000,0.53647,1.63380
33.01985,-20.80530,0.81918,0.07139,8.00000,0.58524,1.60941
33.56211,-20.18831,0.87836,0.06667,8.00000,0.63401,1.56064
34.07399,-19.53440,0.93296,0.06211,8.00000,0.68278,1.51187
34.55597,-18.84738,0.98321,0.05765,8.00000,0.78032,1.43871
35.00860,-18.13123,1.02930,0.05326,8.00000,0.82909,1.36556
35.43263,-17.38985,1.07143,0.04894,8.00000,0.95102,1.26802
35.82912,-16.62700,1.10977,0.04467,8.00000,1.09733,1.14610
36.19934,-15.84634,1.14446,0.04046,8.00000,1.21925,0.95102
36.54470,-15.05151,1.17565,0.03633,8.00000,1.36556,0.87786
36.86678,-14.24606,1.20350,0.03229,8.00000,1.43871,0.78032
37.16734,-13.43322,1.22814,0.02836,8.00000,1.48748,0.70717
37.44841,-12.61560,1.24968,0.02455,8.00000,1.46310,0.73155
37.71247,-11.79434,1.26821,0.02085,8.00000,1.53625,0.63401
37.96220,-10.96974,1.28378,0.01725,8.00000,1.58503,0.58524
38.20007,-10.14243,1.29645,0.01374,8.00000,1.60941,0.53647
38.42848,-9.31302,1.30628,0.01030,8.00000,1.65818,0.56085
38.64978,-8.48213,1.31332,0.00690,8.00000,1.68257,0.51209
38.86631,-7.65028,1.31758,0.00351,8.00000,1.68257,0.51209
39.08039,-6.81803,1.31906,0.00009,8.00000,1.70695,0.48770
39.29437,-5.98592,1.31920,0.00026,8.00000,1.68257,0.51209
39.50814,-5.15386,1.31947,0.00038,8.00000,1.70695,0.48770
39.72164,-4.32180,1.31981,0.00046,8.00000,1.70695,0.48770
39.93481,-3.48971,1.32021,0.00050,8.00000,1.68257,0.51209
40.14764,-2.65756,1.32062,0.00051,8.00000,1.70695,0.48770
40.36011,-1.82535,1.32103,0.00050,8.00000,1.68257,0.51209
40.57223,-0.99306,1.32143,0.00048,8.00000,1.68257,0.51209
40.78403,-0.16071,1.32181,0.00044,8.00000,1.70695,0.53647
40.99552,0.67171,1.32215,0.00040,8.00000,1.68257,0.51209
41.20675,1.50419,1.32246,0.00035,8.00000,1.68257,0.51209
41.41773,2.33673,1.32272,0.00029,8.00000,1.65818,0.53647
41.62852,3.16931,1.32294,0.00024,8.00000,1.68257,0.51209
41.83914,4.00194,1.32311,0.00018,8.00000,1.68257,0.51209
42.04963,4.83460,1.32323,0.00012,8.00000,1.65818,0.53647
42.26005,5.66728,1.32331,0.00006,8.00000,1.65818,0.51209
42.47042,6.49998,1.32333,-0.00000,8.00000,1.68257,0.51209
42.68080,7.33267,1.32330,-0.00007,8.00000,1.65818,0.53647
42.89123,8.16536,1.32321,-0.00014,8.00000,1.65818,0.51209
43.10175,8.99802,1.32307,-0.00022,8.00000,1.63380,0.51209
43.31242,9.83065,1.32285,-0.00030,8.00000,1.65818,0.53647
43.52330,10.66323,1.32256,-0.00040,8.00000,1.65818,0.53647
43.73446,11.49574,1.32219,-0.00050,8.00000,1.63380,0.56085
43.94595,12.32816,1.32173,-0.00062,8.00000,1.65818,0.53647
44.15787,13.16048,1.32117,-0.00076,8.00000,1.65818,0.53647
44.37031,13.99267,1.32048,-0.00091,8.00000,1.63380,0.56085
44.58337,14.82471,1.31967,-0.00108,8.00000,1.65818,0.53647
44.79717,15.65656,1.31870,-0.00128,8.00000,1.60941,0.56085
45.01184,16.48818,1.31756,-0.00150,8.00000,1.63380,0.56085
45.22753,17.31950,1.31623,-0.00175,8.00000,1.65818,0.53647
45.44439,18.15044,1.31468,-0.00202,8.00000,1.63380,0.56085
45.66260,18.98092,1.31290,-0.00232,8.00000,1.65818,0.53647
45.88236,19.81088,1.31087,-0.00264,8.00000,1.63380,0.56085
46.10389,20.64027,1.30857,-0.00297,8.00000,1.65818,0.53647
46.32741,21.46902,1.30600,-0.00330,8.00000,1.63380,0.56085
46.55316,22.29708,1.30316,-0.00361,8.00000,1.68257,0.51209
46.78133,23.12439,1.30009,-0.00387,8.00000,1.65818,0.48770
47.01214,23.95099,1.30038,0.00458,8.00000,1.70695,0.51209
47.23988,24.77859,1.30763,0.01309,8.00000,1.73134,0.46332
47.45882,25.60894,1.32187,0.02163,8.00000,1.70695,0.48770
47.66325,26.44408,1.34307,0.03017,8.00000,1.70695,0.48770
47.84775,27.28723,1.37276,0.04259,8.00000,1.68257,0.53647
48.00384,28.14130,1.41236,0.05507,7.94002,1.63380,0.56085
48.12237,29.00605,1.46189,0.06770,7.59916,1.53625,0.68278
48.19384,29.87899,1.52151,0.08060,7.26696,1.41433,0.85347
48.20867,30.75578,1.59158,0.09389,6.94284,1.17048,1.09733
48.15745,31.62962,1.67271,0.10778,6.62546,0.97540,1.29241
48.03231,32.48023,1.76703,0.12246,6.31715,0.78032,1.43871
47.83225,33.26546,1.88036,0.13824,6.03063,0.63401,1.58503
47.56171,33.95155,2.02119,0.15651,5.78792,0.53647,1.70695
47.20752,34.55746,2.18974,0.17910,5.78792,0.46332,1.68257
46.73463,35.11266,2.35426,0.16131,5.78792,0.60962,1.63380
46.14863,35.62045,2.49449,0.14727,6.01626,0.75594,1.48748
45.45855,36.07692,2.61484,0.13540,6.26367,0.99979,1.24364
44.68310,36.47274,2.72005,0.12465,6.51702,1.21925,1.04856
43.85921,36.79410,2.81566,0.11543,6.76761,1.36556,0.87786
43.01401,37.03687,2.90504,0.10774,7.00908,1.41433,0.75594
42.15196,37.20565,2.98872,0.10098,7.24128,1.46310,0.73155
41.27736,37.30443,3.06715,0.09503,7.46642,1.46310,0.75594
40.39909,37.33639,3.14123,0.08985,7.68426,1.38994,0.82909
39.52449,37.30508,-3.07149,0.08530,7.89419,1.26802,0.95102
38.65938,37.21422,-3.00405,0.08130,8.00000,1.12171,1.04856
37.80931,37.06766,-2.93912,0.07776,8.00000,0.99979,1.21925
36.97980,36.86942,-2.87624,0.07455,8.00000,0.85347,1.34118
36.17499,36.62350,-2.81511,0.07155,8.00000,0.80471,1.41433
35.39369,36.33236,-2.75587,0.06873,8.00000,0.78032,1.38994
34.63166,35.99682,-2.69883,0.06616,8.00000,0.75594,1.46310
33.88844,35.61863,-2.64396,0.06378,8.00000,0.63401,1.56064
33.16982,35.20270,-2.59086,0.06145,8.00000,0.51209,1.65818
32.48240,34.75516,-2.53912,0.05908,8.00000,0.51209,1.70695
31.82821,34.27998,-2.48870,0.05670,8.00000,0.48770,1.70695
31.20142,33.77550,-2.44065,0.05310,8.00000,0.48770,1.70695
30.59229,33.23700,-2.39625,0.04944,8.00000,0.56085,1.65818
29.99697,32.66387,-2.35573,0.04566,8.00000,0.60962,1.56064
29.41529,32.05890,-2.31905,0.04178,8.00000,0.73155,1.46310
28.84797,31.42618,-2.28607,0.03784,8.00000,0.85347,1.36556
28.29580,30.77026,-2.25660,0.03392,8.00000,0.92663,1.29241
27.75922,30.09569,-2.23047,0.03005,8.00000,0.97540,1.21925
27.23850,29.40703,-2.20748,0.02633,8.00000,1.04856,1.17048
26.73303,28.70782,-2.18744,0.02277,8.00000,1.07294,1.12171
26.24113,28.00002,-2.17022,0.01939,8.00000,1.04856,1.09733
25.76082,27.28499,-2.15569,0.01616,8.00000,1.09733,1.09733
25.29022,26.56402,-2.14372,0.01311,8.00000,1.07294,1.12171
24.82753,25.83826,-2.13418,0.01022,8.00000,1.02417,1.14610
24.37101,25.10880,-2.12693,0.00749,8.00000,0.99979,1.17048
23.91903,24.37665,-2.12187,0.00488,8.00000,0.95102,1.21925
23.47000,23.64275,-2.11890,0.00239,8.00000,0.92663,1.29241
23.02243,22.90802,-2.11793,-0.00002,8.00000,0.85347,1.31679
22.57488,22.17334,-2.11891,-0.00237,8.00000,0.80471,1.41433
22.12592,21.43958,-2.12181,-0.00469,8.00000,0.75594,1.46310
21.67418,20.70759,-2.12659,-0.00700,8.00000,0.70717,1.48748
21.21827,19.97823,-2.13326,-0.00931,8.00000,0.63401,1.56064
20.75679,19.25232,-2.14185,-0.01166,8.00000,0.58524,1.60941
20.28829,18.53068,-2.15236,-0.01404,8.00000,0.53647,1.65818
19.81135,17.81420,-2.16484,-0.01646,8.00000,0.51209,1.68257
19.32454,17.10380,-2.17931,-0.01893,8.00000,0.48770,1.70695
18.82639,16.40045,-2.19578,-0.02141,8.00000,0.46332,1.73134
18.31542,15.70510,-2.21680,-0.03009,8.00000,0.48770,1.73134
17.78669,15.02138,-2.24488,-0.03884,8.00000,0.51209,1.68257
17.23531,14.35314,-2.28006,-0.04774,8.00000,0.53647,1.60941
16.65663,13.70469,-2.32243,-0.05684,8.00000,0.63401,1.56064
16.04627,13.08096,-2.37208,-0.06621,7.99386,0.75594,1.46310
15.39993,12.48729,-2.42911,-0.07593,7.69786,0.97540,1.31679
14.71808,11.93360,-2.49409,-0.08616,7.41211,1.14610,1.09733
14.01394,11.43910,-2.56900,-0.09687,7.14421,1.31679,0.90224
13.30872,11.02507,-2.65722,-0.10799,6.90517,1.48748,0.70717
12.60756,10.69909,-2.76104,-0.11993,6.70606,1.63380,0.56085
11.88231,10.45443,-2.87764,-0.13342,6.70606,1.73134,0.46332
11.11558,10.29588,-2.99355,-0.12421,6.70606,1.63380,0.56085
10.31826,10.22118,-3.09948,-0.11663,6.87825,1.58503,0.58524
9.50434,10.22799,3.08550,-0.11032,7.06168,1.58503,0.58524
8.68668,10.31280,2.99323,-0.10505,7.24511,1.63380,0.60962
7.87782,10.47109,2.90535,-0.10062,7.42233,1.63380,0.53647
7.08851,10.69755,2.82064,-0.09688,7.58980,1.65818,0.53647
6.32392,10.98768,2.73854,-0.09379,7.74643,1.65818,0.53647
5.58764,11.33752,2.65858,-0.09129,7.89101,1.60941,0.56085
4.88602,11.74177,2.58004,-0.08932,8.00000,1.63380,0.56085
4.22537,12.19455,2.50216,-0.08779,8.00000,1.65818,0.51209
3.60806,12.69214,2.42465,-0.08674,8.00000,1.70695,0.48770
3.03041,13.23617,2.34792,-0.08617,8.00000,1.70695,0.51209
2.48849,13.83040,2.27250,-0.08605,8.00000,1.58503,0.63401
1.98136,14.47733,2.19864,-0.08637,8.00000,1.41433,0.85347
1.50834,15.18082,2.12663,-0.08698,8.00000,1.21925,1.02417
1.07436,15.93749,2.05610,-0.08774,7.95759,1.02417,1.19487
0.69022,16.73213,1.98562,-0.08892,7.75352,0.85347,1.41433
0.36423,17.55006,1.91376,-0.09074,7.51325,0.68278,1.58503
0.09972,18.38582,1.83989,-0.09315,7.23640,0.53647,1.65818
-0.10100,19.23699,1.76367,-0.09615,6.91941,0.48770,1.73134
-0.23518,20.10059,1.68057,-0.11009,6.61064,0.48770,1.70695
-0.29255,20.97496,1.58607,-0.12499,6.30687,0.56085,1.65818
-0.26205,21.85936,1.48011,-0.14122,6.00192,0.75594,1.48748
-0.13125,22.74874,1.36228,-0.15949,5.68797,0.99979,1.26802
0.10589,23.59822,1.22646,-0.18048,5.37082,1.29241,1.02417
0.43802,24.33612,1.05836,-0.20544,5.08138,1.60941,0.73155
0.85884,24.93665,0.84481,-0.23850,4.93100,1.70695,0.48770
1.37452,25.39107,0.59287,-0.25206,4.85832,1.70695,0.51209
1.95572,25.67564,0.31656,-0.25420,4.85832,1.70695,0.48770
2.60961,25.79566,0.05474,-0.23881,4.85832,1.73134,0.48770
3.34290,25.75164,-0.14118,-0.16928,5.06137,1.65818,0.53647
4.11807,25.58128,-0.26298,-0.10511,5.47774,1.46310,0.78032
4.92775,25.32498,-0.32407,-0.04223,5.98209,1.24364,1.04856
5.75980,25.02980,-0.33270,0.02058,6.01525,0.99979,1.29241
6.56469,24.75934,-0.28966,0.08322,5.47782,0.75594,1.51187
7.32566,24.56311,-0.18661,0.14668,5.00345,0.58524,1.60941
8.07441,24.47429,-0.01817,0.21361,4.58670,0.51209,1.70695
8.79708,24.53638,0.22760,0.29136,4.29818,0.46332,1.70695
9.43515,24.78946,0.54495,0.32477,4.29818,0.46332,1.73134
9.94895,25.23462,0.85359,0.26877,4.29818,0.48770,1.73134
10.33710,25.82364,1.10595,0.23553,4.65213,0.46332,1.68257
10.58902,26.51095,1.31920,0.20703,4.97308,0.48770,1.70695
10.70348,27.24899,1.50527,0.18711,5.27697,0.48770,1.73134
10.68646,27.99572,1.67534,0.17327,5.55061,0.48770,1.70695
10.54842,28.72677,1.82784,0.14868,5.79019,0.51209,1.68257
10.30333,29.45329,1.95459,0.12719,6.07788,0.58524,1.60941
9.95898,30.18644,2.05643,0.10702,6.40083,0.73155,1.53625
9.53192,30.91486,2.13755,0.08749,6.75143,0.92663,1.34118
9.04408,31.62404,2.20137,0.06851,7.12229,1.09733,1.12171
8.51430,32.30888,2.24953,0.04992,7.50823,1.21925,1.02417
7.95725,32.97152,2.28269,0.03161,7.90505,1.26802,0.87786
7.38556,33.61707,2.30111,0.01352,8.00000,1.34118,0.82909
6.81043,34.25220,2.30487,-0.00436,8.00000,1.41433,0.80471
6.24206,34.88441,2.29394,-0.02204,8.00000,1.41433,0.78032
5.68988,35.52173,2.26821,-0.03959,7.82212,1.38994,0.78032
5.16163,36.17390,2.22763,-0.05714,7.44884,1.34118,0.87786
4.66300,36.85353,2.17255,-0.07473,7.08690,1.31679,0.90224
4.20265,37.57038,2.10342,-0.09250,6.73433,1.24364,0.99979
3.79439,38.32712,2.02018,-0.11076,6.38989,1.09733,1.09733
3.45467,39.12127,1.92200,-0.13002,6.05208,1.02417,1.19487
3.20063,39.94770,1.80753,-0.15092,5.71765,0.92663,1.26802
3.04924,40.80172,1.67547,-0.17420,5.37811,0.99979,1.19487
3.01962,41.67069,1.52337,-0.20106,5.01968,1.24364,1.07294
3.12988,42.50084,1.34027,-0.23387,4.64433,1.53625,0.78032
3.38061,43.20883,1.09967,-0.27817,4.64433,1.75572,0.51209
3.76279,43.74335,0.80455,-0.27066,4.64433,1.73134,0.48770
4.26141,44.12403,0.50820,-0.25546,4.76737,1.60941,0.56085
4.86588,44.35776,0.22588,-0.26251,4.53039,1.65818,0.51209
5.53048,44.41566,-0.06800,-0.29233,4.53039,1.70695,0.51209
6.26506,44.26248,-0.31601,-0.23488,4.53039,1.51187,0.95102
7.06351,43.91441,-0.48737,-0.18855,4.96719,1.04856,1.29241
7.82277,43.43687,-0.61920,-0.14707,5.40414,0.78032,1.46310
8.51008,42.88343,-0.72104,-0.10806,5.84243,0.60962,1.63380
9.13796,42.28094,-0.79313,-0.07007,6.29480,0.51209,1.65818
9.72301,41.65162,-0.83513,-0.03243,6.76154,0.48770,1.70695
10.28448,41.01431,-0.84645,0.00513,7.23205,0.48770,1.68257
10.84254,40.38632,-0.82639,0.04274,7.68224,0.46332,1.73134
11.41670,39.78526,-0.78253,0.06079,7.60333,0.46332,1.70695
12.01449,39.22106,-0.72262,0.07908,7.28799,0.48770,1.70695
12.64151,38.70533,-0.64590,0.09777,7.01701,0.46332,1.70695
13.30128,38.25113,-0.55306,0.11339,6.78899,0.48770,1.70695
13.99478,37.86993,-0.44465,0.13018,6.78899,0.48770,1.68257
14.72663,37.57199,-0.33155,0.12353,6.78899,0.53647,1.65818
15.49559,37.35327,-0.22497,0.11837,6.93604,0.53647,1.63380
16.29433,37.21323,-0.12383,0.11449,7.08180,0.56085,1.60941
17.11206,37.15206,-0.02666,0.11176,7.21488,0.58524,1.63380
17.93834,37.16939,0.06787,0.11006,7.32621,0.56085,1.65818
18.76201,37.26421,0.16108,0.10937,7.40501,0.51209,1.68257
19.56267,37.43332,0.25534,0.10966,7.35410,0.51209,1.68257
20.31416,37.66939,0.35398,0.11094,7.35410,0.48770,1.73134
21.00616,37.96675,0.45325,0.10134,7.35410,0.48770,1.70695
21.67173,38.33061,0.54334,0.09270,7.52010,0.56085,1.65818
22.34318,38.77427,0.62097,0.08472,7.72550,0.68278,1.51187
23.01323,39.29028,0.68834,0.07708,7.95777,0.87786,1.36556
23.66442,39.86105,0.74802,0.06971,8.00000,1.07294,1.19487
24.28631,40.47159,0.80148,0.06260,8.00000,1.19487,1.02417
24.87730,41.11358,0.84921,0.05571,8.00000,1.36556,0.82909
25.43864,41.78125,0.89147,0.04899,8.00000,1.46310,0.70717
25.97207,42.46925,0.92844,0.04241,8.00000,1.60941,0.63401
26.47978,43.17273,0.96023,0.03594,8.00000,1.63380,0.53647
26.96445,43.88744,0.98692,0.02951,8.00000,1.68257,0.51209
27.42970,44.61043,1.00846,0.02309,8.00000,1.73134,0.48770
27.88006,45.34029,1.02477,0.01664,8.00000,1.73134,0.46332
28.32001,46.07560,1.03746,0.01424,8.00000,1.73134,0.46332
28.75139,46.81611,1.05614,0.03123,8.00000,1.68257,0.48770
29.16428,47.56860,1.08873,0.04822,7.67888,1.68257,0.53647
29.54850,48.33953,1.13513,0.06529,7.30441,1.58503,0.58524
29.89391,49.13602,1.19510,0.08258,6.93928,1.51187,0.73155
30.19020,49.96645,1.26814,0.10029,6.57910,1.36556,0.90224
30.41989,50.82053,1.35537,0.11875,6.22440,1.12171,1.14610
30.56256,51.66807,1.46074,0.13836,5.88201,0.90224,1.38994
30.60384,52.48511,1.58921,0.15997,5.55736,0.63401,1.58503
30.53345,53.24820,1.74796,0.18521,5.26380,0.48770,1.68257
30.34805,53.91379,1.95304,0.21655,5.26380,0.46332,1.70695
30.02705,54.50787,2.16365,0.18666,5.26380,0.68278,1.60941
29.53732,55.11718,2.32220,0.16502,5.55680,0.95102,1.34118
28.90093,55.71329,2.44786,0.14600,5.87889,1.21925,1.09733
28.18100,56.24515,2.55606,0.12895,6.19962,1.48748,0.78032
27.41754,56.69693,2.65234,0.11355,6.51422,1.63380,0.60962
26.62780,57.07212,2.73804,0.09921,6.82661,1.70695,0.48770
25.81579,57.38086,2.81292,0.08553,7.14367,1.68257,0.51209
24.97489,57.63583,2.87952,0.08066,7.47365,1.65818,0.53647
24.10840,57.83887,2.94156,0.07615,7.78190,1.53625,0.68278
23.23171,57.98925,3.00017,0.07190,8.00000,1.43871,0.75594
22.35482,58.08853,3.05592,0.06783,8.00000,1.36556,0.85347
21.47817,58.13985,3.10875,0.06393,8.00000,1.36556,0.85347
20.59772,58.14626,-3.12482,0.06015,8.00000,1.46310,0.75594
19.71444,58.11026,-3.07838,0.05645,8.00000,1.58503,0.63401
18.84117,58.03507,-3.03447,0.05285,8.00000,1.65818,0.53647
17.98308,57.92408,-2.99287,0.04939,8.00000,1.70695,0.48770
17.12840,57.77844,-2.95415,0.04597,8.00000,1.73134,0.48770
16.27130,57.59940,-2.91745,0.04528,8.00000,1.70695,0.53647
15.41811,57.38855,-2.88144,0.04462,8.00000,1.60941,0.60962
14.57452,57.14774,-2.84586,0.04404,8.00000,1.56064,0.65840
13.74221,56.87796,-2.81062,0.04354,8.00000,1.51187,0.68278
12.92161,56.57978,-2.77567,0.04313,8.00000,1.46310,0.70717
12.11333,56.25380,-2.74094,0.04283,8.00000,1.46310,0.70717
11.31805,55.90058,-2.70637,0.04263,8.00000,1.46310,0.73155
10.53637,55.52058,-2.67186,0.04256,8.00000,1.38994,0.78032
9.76909,55.11428,-2.63733,0.04260,8.00000,1.34118,0.80471
9.01738,54.68232,-2.60267,0.04275,8.00000,1.26802,0.92663
8.28253,54.22537,-2.56777,0.04302,8.00000,1.21925,0.97540
7.56579,53.74406,-2.53255,0.04336,8.00000,1.12171,1.04856
6.86839,53.23901,-2.49691,0.04378,8.00000,1.07294,1.17048
6.19159,52.71087,-2.46081,0.04425,8.00000,0.92663,1.24364
5.53706,52.16069,-2.42416,0.04475,8.00000,0.85347,1.36556
4.90682,51.58987,-2.38689,0.04525,8.00000,0.73155,1.43871
4.30277,50.99994,-2.34896,0.04572,8.00000,0.68278,1.51187
3.72673,50.39258,-2.31032,0.04615,8.00000,0.60962,1.60941
3.18038,49.76953,-2.27093,0.04654,8.00000,0.48770,1.68257
2.66500,49.13240,-2.23079,0.04691,8.00000,0.43893,1.68257
2.18075,48.48150,-2.19081,0.04520,8.00000,0.48770,1.70695
1.72304,47.81300,-2.15225,0.04353,8.00000,0.56085,1.63380
1.28659,47.12104,-2.11556,0.04174,8.00000,0.60962,1.60941
0.86937,46.40412,-2.08095,0.03980,8.00000,0.65840,1.53625
0.47107,45.66360,-2.04849,0.03773,8.00000,0.73155,1.43871
0.09183,44.90213,-2.01817,0.03553,8.00000,0.85347,1.38994
-0.26810,44.12309,-1.98995,0.03325,8.00000,0.97540,1.24364
-0.60845,43.33043,-1.96374,0.03097,8.00000,1.12171,1.07294
-0.92943,42.52757,-1.93942,0.02875,8.00000,1.24364,0.97540
-1.23184,41.71660,-1.91689,0.02662,8.00000,1.36556,0.85347
-1.51671,40.89900,-1.89606,0.02460,8.00000,1.43871,0.75594
-1.78509,40.07608,-1.87681,0.02272,8.00000,1.51187,0.65840
-2.03804,39.24890,-1.85901,0.02101,8.00000,1.56064,0.65840
-2.27658,38.41828,-1.84252,0.01948,8.00000,1.60941,0.56085
-2.50170,37.58469,-1.82718,0.01814,8.00000,1.68257,0.51209
-2.71432,36.74847,-1.81284,0.01700,8.00000,1.68257,0.51209
-2.91519,35.90988,-1.79934,0.01607,8.00000,1.68257,0.48770
-3.10495,35.06910,-1.78651,0.01534,8.00000,1.73134,0.48770
-3.28410,34.22627,-1.77419,0.01480,8.00000,1.70695,0.46332
-3.45302,33.38146,-1.76212,0.01474,8.00000,1.68257,0.48770
-3.61174,32.53470,-1.75002,0.01486,8.00000,1.68257,0.53647
-3.76019,31.68597,-1.73776,0.01515,8.00000,1.63380,0.56085
-3.89815,30.83526,-1.72519,0.01560,8.00000,1.56064,0.63401
-4.02530,29.98255,-1.71221,0.01619,8.00000,1.48748,0.70717
-4.14123,29.12776,-1.69871,0.01689,8.00000,1.41433,0.78032
-4.24544,28.27089,-1.68460,0.01769,8.00000,1.31679,0.85347
-4.33728,27.41258,-1.66982,0.01855,8.00000,1.21925,0.97540
-4.41601,26.55407,-1.65432,0.01941,8.00000,1.14610,1.07294
-4.48094,25.69661,-1.63810,0.02020,8.00000,1.07294,1.17048
-4.53147,24.84117,-1.62123,0.02088,8.00000,0.97540,1.26802
-4.56717,23.98812,-1.60379,0.02140,8.00000,0.90224,1.31679
-4.58773,23.13691,-1.58594,0.02178,8.00000,0.82909,1.38994
-4.59293,22.28692,-1.56780,0.02200,8.00000,0.78032,1.43871
-4.58264,21.43792,-1.54953,0.02205,8.00000,0.78032,1.43871
-4.55684,20.58973,-1.53130,0.02190,8.00000,0.75594,1.46310
-4.51563,19.74208,-1.51327,0.02156,8.00000,0.75594,1.41433
-4.45920,18.89427,-1.49562,0.02104,8.00000,0.80471,1.43871
-4.38783,18.04535,-1.47851,0.02036,8.00000,0.82909,1.36556
-4.30194,17.19500,-1.46209,0.01951,8.00000,0.92663,1.29241
-4.20211,16.34360,-1.44647,0.01852,8.00000,0.97540,1.19487
-4.08910,15.49186,-1.43175,0.01741,8.00000,1.07294,1.12171
-3.96380,14.64073,-1.41799,0.01623,8.00000,1.14610,1.04856
-3.82715,13.79100,-1.40521,0.01501,8.00000,1.24364,0.95102
-3.68006,12.94291,-1.39344,0.01377,8.00000,1.29241,0.90224
-3.52344,12.09654,-1.38268,0.01254,8.00000,1.34118,0.82909
-3.35816,11.25197,-1.37290,0.01135,8.00000,1.43871,0.78032
-3.18511,10.40928,-1.36409,0.01020,8.00000,1.46310,0.75594
-3.00512,9.56847,-1.35618,0.00912,8.00000,1.46310,0.70717
-2.81893,8.72938,-1.34912,0.00810,8.00000,1.53625,0.68278
-2.62722,7.89171,-1.34287,0.00716,8.00000,1.53625,0.63401
-2.43062,7.05527,-1.33736,0.00629,8.00000,1.58503,0.58524
-2.22972,6.21994,-1.33253,0.00550,8.00000,1.58503,0.60962
-2.02508,5.38558,-1.32831,0.00478,8.00000,1.63380,0.56085
-1.81718,4.55207,-1.32466,0.00414,8.00000,1.65818,0.51209
-1.60646,3.71930,-1.32151,0.00355,8.00000,1.65818,0.53647
-1.39332,2.88716,-1.31882,0.00302,8.00000,1.68257,0.51209
-1.17813,2.05557,-1.31654,0.00254,8.00000,1.70695,0.48770
-0.96121,1.22442,-1.31465,0.00209,8.00000,1.68257,0.51209
-0.74286,0.39363,-1.31310,0.00167,8.00000,1.73134,0.46332
-0.52338,-0.43686,-1.31189,0.00127,8.00000,1.70695,0.51209
-0.30302,-1.26714,-1.31101,0.00088,8.00000,1.73134,0.48770
-0.08205,-2.09728,-1.31030,0.00086,8.00000,1.68257,0.51209
0.13951,-2.92729,-1.30960,0.00084,8.00000,1.65818,0.53647
0.36164,-3.75716,-1.30892,0.00082,8.00000,1.68257,0.51209
0.58434,-4.58691,-1.30826,0.00079,8.00000,1.65818,0.53647
0.80758,-5.41655,-1.30763,0.00076,8.00000,1.68257,0.51209
1.03134,-6.24606,-1.30702,0.00073,8.00000,1.65818,0.48770
1.25561,-7.07547,-1.30644,0.00069,8.00000,1.68257,0.53647
1.48035,-7.90478,-1.30589,0.00065,8.00000,1.68257,0.51209
1.70554,-8.73399,-1.30537,0.00061,8.00000,1.70695,0.48770
1.93115,-9.56312,-1.30489,0.00056,8.00000,1.68257,0.51209
2.15715,-10.39216,-1.30445,0.00051,8.00000,1.70695,0.48770
2.38349,-11.22108,-1.30406,0.00045,8.00000,1.65818,0.48770
2.61012,-12.04988,-1.30373,0.00037,8.00000,1.68257,0.51209
2.83699,-12.87855,-1.30347,0.00027,8.00000,1.70695,0.48770
3.06402,-13.70711,-1.30329,0.00016,8.00000,1.68257,0.48770
3.29114,-14.53558,-1.30321,0.00004,8.00000,1.68257,0.51209
3.51827,-15.36396,-1.30324,-0.00012,8.00000,1.70695,0.48770
3.74531,-16.19235,-1.30343,-0.00035,8.00000,1.68257,0.48770
3.97217,-17.02101,-1.29855,0.01225,8.00000,1.68257,0.51209
4.20748,-17.84788,-1.28338,0.02482,8.00000,1.68257,0.51209
4.45987,-18.67086,-1.25793,0.03740,8.00000,1.65818,0.51209
4.73791,-19.48758,-1.22224,0.05007,8.00000,1.58503,0.60962
5.05063,-20.29651,-1.17638,0.06288,7.67281,1.51187,0.70717
5.40734,-21.09592,-1.12055,0.07593,7.33057,1.41433,0.82909
5.81435,-21.87655,-1.05444,0.08937,6.99377,1.26802,0.99979
6.27369,-22.62190,-0.97693,0.10335,6.66334,1.07294,1.14610
6.78446,-23.31338,-0.88621,0.11808,6.33976,0.92663,1.24364
7.34435,-23.93355,-0.77996,0.13396,6.02253,0.85347,1.41433
7.95179,-24.46808,-0.65561,0.15166,5.71001,0.63401,1.58503
8.59823,-24.89790,-0.50859,0.17223,5.40592,0.51209,1.70695
9.26243,-25.19877,-0.32981,0.19754,5.12922,0.48770,1.70695
9.93812,-25.35655,-0.11735,0.22039,4.84871,0.51209,1.70695
10.63100,-25.36011,0.12491,0.25521,4.84871,0.46332,1.75572
11.34085,-25.18042,0.33887,0.18891,4.84871,0.60962,1.68257
12.06730,-24.85386,0.47984,0.12971,5.27202,0.90224,1.43871
12.80159,-24.42025,0.56338,0.07258,5.76607,1.12171,1.14610
13.53360,-23.92764,0.59867,0.01585,6.30160,1.31679,0.90224
14.24653,-23.43453,0.58860,-0.04064,6.09397,1.48748,0.78032
14.92099,-23.00151,0.52805,-0.09719,5.62404,1.60941,0.58524
15.56314,-22.66656,0.40527,-0.15521,5.25052,1.70695,0.48770
16.23420,-22.43812,0.21980,-0.21764,5.25052,1.68257,0.48770
16.96543,-22.35327,0.03213,-0.17416,5.25052,1.65818,0.56085
17.75545,-22.38922,-0.10597,-0.13581,5.60019,1.46310,0.87786
18.60844,-22.52804,-0.20185,-0.09946,6.01927,1.12171,1.19487
19.47593,-22.74131,-0.26624,-0.06388,6.47654,0.85347,1.38994
20.30291,-22.99015,-0.30400,-0.02873,6.93738,0.65840,1.56064
21.08698,-23.24673,-0.31352,0.00643,7.38575,0.58524,1.65818
21.86124,-23.49538,-0.29273,0.04159,7.81306,0.48770,1.68257
22.64668,-23.71681,-0.25177,0.05336,8.00000,0.48770,1.68257
23.44608,-23.90304,-0.20087,0.06528,8.00000,0.48770,1.73134
24.25646,-24.04460,-0.13978,0.07744,7.83817,0.46332,1.70695
25.07417,-24.13212,-0.06810,0.08997,7.63086,0.51209,1.70695
25.89392,-24.15628,0.01478,0.10304,7.63086,0.48770,1.68257
26.70795,-24.10797,0.10287,0.10094,7.63086,0.48770,1.70695
27.50890,-23.98955,0.19011,0.09962,7.71559,0.51209,1.68257
28.29344,-23.80287,0.27687,0.09905,7.77888,0.48770,1.70695
29.06000,-23.54878,0.36334,0.09924,7.73832,0.48770,1.68257
29.80452,-23.22832,0.44999,0.10020,7.73832,0.48770,1.65818
30.51936,-22.84384,0.53400,0.09341,7.73832,0.51209,1.68257
31.19905,-22.40374,0.61257,0.08726,7.88827,0.53647,1.63380
