R_m,gamma_goal_deg,feasible
0.05,,False
0.05477386934673367,,False
0.05954773869346734,,False
0.06432160804020101,,False
0.06909547738693467,,False
0.07386934673366835,,False
0.078643216080402,,False
0.08341708542713568,,False
0.08819095477386935,,False
0.09296482412060302,,False
0.09773869346733668,,False
0.10251256281407034,,False
0.10728643216080402,,False
0.11206030150753768,,False
0.11683417085427135,,False
0.12160804020100502,,False
0.1263819095477387,,False
0.13115577889447236,,False
0.135929648241206,,False
0.1407035175879397,,False
0.14547738693467338,94.64294974089732,True
0.150251256281407,105.19263980770803,True
0.1550251256281407,110.71811084978327,True
0.15979899497487438,114.85288407645785,True
0.16457286432160803,118.22844974135648,True
0.1693467336683417,121.10395205083493,True
0.17412060301507537,123.61709073072973,True
0.17889447236180905,125.8518910633839,True
0.18366834170854268,127.86431845960955,True
0.18844221105527637,129.69397988469632,True
0.19321608040201005,131.37018138627306,True
0.19798994974874373,132.91535806237476,True
0.20276381909547736,134.34715243132752,True
0.20753768844221104,135.6797426022506,True
0.21231155778894473,136.9247282411845,True
0.21708542713567835,138.09174283253128,True
0.22185929648241204,139.18888952537685,True
0.22663316582914572,140.22305931957362,True
0.2314070351758794,141.20016845115575,True
0.23618090452261303,142.12533886893488,True
0.24095477386934672,143.00303773446177,True
0.2457286432160804,143.83718683739502,True
0.25050251256281403,144.63124953828742,True
0.2552763819095477,145.38830066379097,True
0.2600502512562814,146.11108328912306,True
0.2648241206030151,146.8020553073338,True
0.2695979899497487,147.46342795286557,True
0.2743718592964824,148.0971979209446,True
0.2791457286432161,148.7051743409246,True
0.2839195979899497,149.28900157843458,True
0.2886934673366834,149.85017862933273,True
0.29346733668341707,150.39007570822224,True
0.29824120603015075,150.9099485118074,True
0.3030150753768844,151.41095054284,True
0.30778894472361806,151.89414380679412,True
0.31256281407035175,152.36050813559476,True
0.3173366834170854,152.8109493469686,True
0.32211055276381906,153.24630641149963,True
0.32688442211055274,153.66735777017894,True
0.33165829145728637,154.0748269215684,True
0.33643216080402005,154.4693873784516,True
0.34120603015075374,154.8516670781096,True
0.3459798994974874,155.2222523174211,True
0.35075376884422105,155.581691273293,True
0.35552763819095473,155.93049716005152,True
0.3603015075376884,156.26915106801349,True
0.36507537688442204,156.59810452125285,True
0.3698492462311557,156.91778178735393,True
0.3746231155778894,157.22858196753182,True
0.3793969849246231,157.5308808917581,True
0.3841708542713567,157.82503284034794,True
0.3889447236180904,158.11137211074399,True
0.3937185929648241,158.39021444590455,True
0.3984924623115577,158.66185833870054,True
0.4032663316582914,158.92658622499977,True
0.4080402010050251,159.1846655766251,True
0.41281407035175877,159.4363499040794,True
0.4175879396984924,159.68187967780477,True
0.4223618090452261,159.9214831757641,True
0.42713567839195976,160.15537726427644,True
0.43190954773869344,160.38376811828724,True
0.4366834170854271,160.6068518865972,True
0.44145728643216076,160.8248153069931,True
0.44623115577889444,161.03783627571462,True
0.45100502512562807,161.2460843752398,True
0.45577889447236175,161.44972136397206,True
0.46055276381909543,161.6489016310589,True
0.4653266331658291,161.8437726192567,True
0.47010050251256275,162.03447521847738,True
0.47487437185929643,162.2211441324014,True
0.4796482412060301,162.40390822032106,True
0.48442211055276374,162.58289081617613,True
0.4891959798994974,162.75821002656738,True
0.4939698492462311,162.92997900937183,True
0.4987437185929648,163.09830623444046,True
0.5035175879396985,163.26329572772852,True
0.5082914572864321,163.42504730009315,True
0.5130653266331658,163.58365676188606,True
0.5178391959798995,163.7392161243747,True
0.5226130653266331,163.89181378893923,True
0.5273869346733668,164.041534724914,True
0.5321608040201005,164.1884606368715,True
0.5369346733668341,164.33267012208296,True
0.5417085427135678,164.47423881883083,True
0.5464824120603015,164.61323954619508,True
0.5512562814070352,164.74974243588738,True
0.5560301507537688,164.8838150566622,True
0.5608040201005025,165.0155225317939,True
0.5655778894472362,165.14492765007253,True
0.5703517587939698,165.27209097073558,True
0.5751256281407036,165.39707092272448,True
0.5798994974874372,165.5199238986235,True
0.5846733668341708,165.64070434361554,True
0.5894472361809046,165.75946483976273,True
0.5942211055276382,165.87625618589988,True
0.5989949748743718,165.99112747340746,True
0.6037688442211055,166.10412615811256,True
0.6085427135678392,166.21529812854908,True
0.6133165829145728,166.32468777079276,True
0.6180904522613065,166.43233803007152,True
0.6228643216080402,166.53829046933913,True
0.6276381909547738,166.64258532498647,True
0.6324120603015075,166.7452615598542,True
0.6371859296482412,166.8463569136994,True
0.6419597989949749,166.945907951259,True
0.6467336683417085,167.0439501080439,True
0.6515075376884422,167.14051773398845,True
0.6562814070351759,167.2356441350732,True
0.6610552763819095,167.32936161303004,True
0.6658291457286432,167.42170150323412,True
0.6706030150753769,167.51269421087747,True
0.6753768844221105,167.60236924551722,True
0.6801507537688442,167.69075525408212,True
0.6849246231155779,167.77788005241865,True
0.6896984924623115,167.86377065545162,True
0.6944723618090453,167.94845330603073,True
0.6992462311557789,168.03195350252946,True
0.7040201005025125,168.1142960252595,True
0.7087939698492463,168.19550496176024,True
0.7135678391959799,168.27560373101866,True
0.7183417085427135,168.35461510667335,True
0.7231155778894472,168.4325612392511,True
0.7278894472361809,168.50946367748435,True
0.7326633165829145,168.5853433887532,True
0.7374371859296482,168.66022077869394,True
0.7422110552763819,168.73411571001395,True
0.7469849246231155,168.8070475205502,True
0.7517587939698492,168.87903504060728,True
0.7565326633165829,168.9500966096077,True
0.7613065326633166,169.0202500920872,True
0.7660804020100502,169.08951289306455,True
0.7708542713567839,169.15790197281433,True
0.7756281407035176,169.2254338610702,True
0.7804020100502512,169.29212467068376,True
0.7851758793969849,169.3579901107637,True
0.7899497487437186,169.42304549931802,True
0.7947236180904522,169.48730577542167,True
0.7994974874371858,169.5507855109297,True
0.8042713567839196,169.61349892175636,True
0.8090452261306532,169.67545987873868,True
0.813819095477387,169.7366819181023,True
0.8185929648241206,169.79717825154648,True
0.8233668341708542,169.8569617759648,True
0.828140703517588,169.91604508281634,True
0.8329145728643216,169.97444046716265,True
0.8376884422110552,170.03215993638383,True
0.842462311557789,170.0892152185873,True
0.8472361809045226,170.14561777072169,True
0.8520100502512562,170.20137878640844,True
0.8567839195979899,170.25650920350168,True
0.8615577889447236,170.3110197113882,True
0.8663316582914572,170.3649207580374,True
0.8711055276381909,170.41822255681151,True
0.8758793969849246,170.47093509304537,True
0.8806532663316583,170.52306813040505,True
0.8854271356783919,170.57463121703378,True
0.8902010050251256,170.62563369149368,True
0.8949748743718593,170.6760846885109,True
0.8997487437185929,170.72599314453234,True
0.9045226130653266,170.77536780310032,True
0.9092964824120603,170.8242172200528,True
0.9140703517587939,170.8725497685556,True
0.9188442211055275,170.9203736439728,True
0.9236180904522613,170.96769686858144,True
0.9283919597989949,171.01452729613655,True
0.9331658291457285,171.06087261629145,True
0.9379396984924623,171.10674035887962,True
0.9427135678391959,171.1521378980621,True
0.9474874371859296,171.19707245634626,True
0.9522613065326633,171.24155110847997,True
0.9570351758793969,171.28558078522627,True
0.9618090452261306,171.32916827702184,True
0.9665829145728643,171.3723202375247,True
0.9713567839195979,171.41504318705393,True
0.9761306532663316,171.45734351592617,True
0.9809045226130653,171.49922748769143,True
0.9856783919597989,171.54070124227303,True
0.9904522613065326,171.5817707990138,True
0.9952261306532663,171.62244205963273,True
1.0,171.66272081109432,True
